{
  "Delete book" : {
    "transaction" : "Delete book",
    "sampleCount" : 22,
    "errorCount" : 0,
    "errorPct" : 0.0,
    "meanResTime" : 21.863636363636363,
    "medianResTime" : 20.5,
    "minResTime" : 18.0,
    "maxResTime" : 33.0,
    "pct1ResTime" : 28.7,
    "pct2ResTime" : 32.39999999999999,
    "pct3ResTime" : 33.0,
    "throughput" : 18.092105263157894,
    "receivedKBytesPerSec" : 3.7279630962171053,
    "sentKBytesPerSec" : 4.629034745065789
  },
  "Total" : {
    "transaction" : "Total",
    "sampleCount" : 91,
    "errorCount" : 0,
    "errorPct" : 0.0,
    "meanResTime" : 36.494505494505475,
    "medianResTime" : 24.0,
    "minResTime" : 18.0,
    "maxResTime" : 515.0,
    "pct1ResTime" : 52.39999999999999,
    "pct2ResTime" : 73.19999999999989,
    "pct3ResTime" : 515.0,
    "throughput" : 48.507462686567166,
    "receivedKBytesPerSec" : 1182.04561733742,
    "sentKBytesPerSec" : 10.010286180703625
  },
  "Post books" : {
    "transaction" : "Post books",
    "sampleCount" : 23,
    "errorCount" : 0,
    "errorPct" : 0.0,
    "meanResTime" : 21.52173913043478,
    "medianResTime" : 19.0,
    "minResTime" : 18.0,
    "maxResTime" : 59.0,
    "pct1ResTime" : 24.0,
    "pct2ResTime" : 51.9999999999999,
    "pct3ResTime" : 59.0,
    "throughput" : 17.228464419475653,
    "receivedKBytesPerSec" : 4.408064138576779,
    "sentKBytesPerSec" : 4.189343398876405
  },
  "Get books" : {
    "transaction" : "Get books",
    "sampleCount" : 23,
    "errorCount" : 0,
    "errorPct" : 0.0,
    "meanResTime" : 70.00000000000001,
    "medianResTime" : 45.0,
    "minResTime" : 32.0,
    "maxResTime" : 515.0,
    "pct1ResTime" : 122.00000000000013,
    "pct2ResTime" : 443.599999999999,
    "pct3ResTime" : 515.0,
    "throughput" : 12.554585152838428,
    "receivedKBytesPerSec" : 1195.6477935657751,
    "sentKBytesPerSec" : 2.0229556154475983
  },
  "Get book" : {
    "transaction" : "Get book",
    "sampleCount" : 23,
    "errorCount" : 0,
    "errorPct" : 0.0,
    "meanResTime" : 31.95652173913043,
    "medianResTime" : 28.0,
    "minResTime" : 22.0,
    "maxResTime" : 85.0,
    "pct1ResTime" : 61.80000000000007,
    "pct2ResTime" : 84.19999999999999,
    "pct3ResTime" : 85.0,
    "throughput" : 17.69230769230769,
    "receivedKBytesPerSec" : 12.825270432692307,
    "sentKBytesPerSec" : 2.9627403846153846
  }
}